first_name,email,shortlink,title,,last_name,id_number,,mobile,attachment_url_1,attachment_url_2,attachment_url_3,attachment_url_4,attachment_url_5,custom_1,custom_2,custom_3,custom_4,custom_5,custom_6,custom_7,custom_8,custom_9,custom_10,shortlink_1,shortlink_2,shortlink_3,shortlink_4,shortlink_5
Alexys,alexys.marquardt@example.com,,Mr,,Marquardt,Marquardt,,27856191676,,,,,,,,,,,,,,,,,,,,
Davon,davon.pfannerstill@example.com,,Dr,,Pfannerstill,Pfannerstill,,27811841275,,,,,,,,,,,,,,,,,,,,
Rosalinda,rosalinda.cartwright@example.com,,Dr,,Cartwright,Cartwright,,27801605027,,,,,,,,,,,,,,,,,,,,
Connie,connie.jaskolski@example.com,,Dr,,Jaskolski,Jaskolski,,27885607717,,,,,,,,,,,,,,,,,,,,
Santa,santa.quigley@example.com,,Mrs,,Quigley,Quigley,,27890980860,,,,,,,,,,,,,,,,,,,,
Katarina,katarina.hermann@example.com,,Mrs,,Hermann,Hermann,,27818042335,,,,,,,,,,,,,,,,,,,,
Thad,thad.stiedemann@example.com,,Mrs,,Stiedemann,Stiedemann,,27837665029,,,,,,,,,,,,,,,,,,,,
